INSERT INTO users (user_id, full_name, email, user_role) VALUES (1, 'Emily Johnson', 'emily.j@example.com', 'Marketing Coordinator'), (2, 'David Lee', 'david.l@example.com', 'Software Developer'), (3, 'Sarah Martinez', 'sarah.m@example.com', 'HR Specialist'), (4, 'Michael Brown', 'michael.b@example.com', 'Senior Software Developer');
INSERT INTO onboarding_tasks (task_id, title, description, category) VALUES (1, 'Complete HR Paperwork', 'Fill out and submit all required HR forms, including W-4 and I-9.', 'HR'), (2, 'Review Marketing Tool Stack', 'Familiarize yourself with HubSpot and Google Analytics.', 'Team-specific'), (3, 'Set Up Local Development Environment', 'Follow the guide to install and configure your local dev environment.', 'IT');
INSERT INTO resources (resource_id, title, resource_type, content_url, description) VALUES (1, 'Interactive Tutorials for Marketing Tools', 'Tutorial', 'https://example.com/tutorials/marketing', 'Step-by-step guides for getting started with the company''s marketing tools.'), (2, 'Company Coding Standards', 'Documentation', 'https://internal.docs.example.com/coding-standards', 'Official documentation on company-specific coding standards and best practices.'), (3, 'Company Culture and HR Protocols', 'Training Module', 'https://learn.example.com/courses/culture', 'A training module covering our core values and essential HR protocols.');
INSERT INTO user_onboarding_checklists (user_id, task_id, status, completed_at) VALUES (1, 1, 'completed', '2023-10-26 10:00:00'), (1, 2, 'pending', NULL), (2, 3, 'pending', NULL);
INSERT INTO user_resource_progress (user_id, resource_id, status, completed_at, last_accessed_at) VALUES (1, 1, 'in_progress', NULL, '2023-10-27 11:00:00'), (2, 2, 'completed', '2023-10-27 14:30:00', '2023-10-27 14:30:00'), (3, 3, 'completed', '2023-10-25 15:00:00', '2023-10-25 15:00:00');
INSERT INTO quizzes (quiz_id, resource_id, title) VALUES (1, 3, 'Company Culture & HR Protocols Quiz');
INSERT INTO user_quiz_attempts (user_id, quiz_id, score, feedback, attempted_at) VALUES (3, 1, 95.0, 'Excellent understanding of our company values and protocols.', '2023-10-25 15:15:00');
INSERT INTO mentorships (mentor_id, mentee_id, status, requested_at, accepted_at) VALUES (4, 2, 'accepted', '2023-10-26 16:00:00', '2023-10-27 09:00:00');
INSERT INTO social_connections (requester_id, addressee_id, status, created_at, updated_at) VALUES (1, 3, 'accepted', '2023-10-26 10:15:00', '2023-10-26 10:20:00');